bit,pearson_corr,abs_corr
1143,0.4000000000000011,0.4000000000000011
592,0.39932615104875147,0.39932615104875147
1911,0.34641016151377546,0.34641016151377546
667,0.3305697320409459,0.3305697320409459
1152,0.3005414623878221,0.3005414623878221
1876,0.2948839123097941,0.2948839123097941
1098,0.2948839123097941,0.2948839123097941
1948,0.28819520885211736,0.28819520885211736
197,0.2876412474452671,0.2876412474452671
1754,0.28365431446558764,0.28365431446558764
80,0.280975743474508,0.280975743474508
655,0.2743516305843665,0.2743516305843665
361,0.27277236279499034,0.27277236279499034
832,0.26666666666666733,0.26666666666666733
1048,0.25264557631995643,0.25264557631995643
507,0.2520504151250412,0.2520504151250412
1564,0.24459979523511438,0.24459979523511438
1066,0.23784131253542545,0.23784131253542545
1088,0.23062266407882204,0.23062266407882204
1304,0.2305561670816942,0.2305561670816942
1,-0.2305561670816938,0.2305561670816938
1990,0.2294157338705622,0.2294157338705622
771,0.2294157338705622,0.2294157338705622
1004,0.2294157338705622,0.2294157338705622
1897,0.22941573387056213,0.22941573387056213
1280,0.229415733870562,0.229415733870562
82,-0.22941573387056097,0.22941573387056097
381,0.2237209702352071,0.2237209702352071
712,0.223720970235207,0.223720970235207
1199,0.2236530118246174,0.2236530118246174
893,0.2211629342323456,0.2211629342323456
1214,0.22116293423234556,0.22116293423234556
875,0.22110831935702616,0.22110831935702616
1391,0.20823168251814178,0.20823168251814178
577,-0.20412414523193195,0.20412414523193195
145,-0.2041241452319319,0.2041241452319319
1404,-0.2041241452319319,0.2041241452319319
116,-0.20412414523193187,0.20412414523193187
31,-0.20412414523193184,0.20412414523193184
1668,-0.20412414523193184,0.20412414523193184
814,-0.20412414523193181,0.20412414523193181
1849,0.20412414523193162,0.20412414523193162
1405,0.20412414523193162,0.20412414523193162
1542,0.20412414523193162,0.20412414523193162
950,0.20412414523193156,0.20412414523193156
658,0.2041241452319315,0.2041241452319315
1738,0.20000000000000032,0.20000000000000032
646,0.19596545041740485,0.19596545041740485
698,0.19596545041740474,0.19596545041740474
1683,0.18731716231633858,0.18731716231633858
310,0.18731716231633855,0.18731716231633855
1501,0.18463723646899902,0.18463723646899902
283,-0.18463723646899896,0.18463723646899896
1482,0.18463723646899896,0.18463723646899896
1758,0.18463723646899896,0.18463723646899896
1791,0.18238430103502137,0.18238430103502137
1416,0.17843445967710334,0.17843445967710334
276,0.1784344596771033,0.1784344596771033
999,0.17586311452816542,0.17586311452816542
162,0.17586311452816542,0.17586311452816542
1430,0.17586311452816533,0.17586311452816533
99,0.17586311452816533,0.17586311452816533
1809,0.17586311452816528,0.17586311452816528
591,0.17586311452816525,0.17586311452816525
1896,0.17586311452816525,0.17586311452816525
1583,0.17586311452816517,0.17586311452816517
41,0.17586311452816514,0.17586311452816514
523,0.1758631145281651,0.1758631145281651
892,0.1758631145281651,0.1758631145281651
248,0.17586311452816508,0.17586311452816508
1601,0.17586311452816508,0.17586311452816508
1115,0.17586311452816508,0.17586311452816508
1151,0.17586311452816508,0.17586311452816508
557,0.17586311452816505,0.17586311452816505
1934,0.17586311452816505,0.17586311452816505
1043,0.17586311452816503,0.17586311452816503
1519,0.17586311452816503,0.17586311452816503
927,0.17586311452816503,0.17586311452816503
427,0.17586311452816503,0.17586311452816503
1699,0.17586311452816503,0.17586311452816503
1372,0.17586311452816503,0.17586311452816503
940,0.175863114528165,0.175863114528165
624,0.17586311452816497,0.17586311452816497
1539,0.17586311452816497,0.17586311452816497
1380,0.17586311452816494,0.17586311452816494
1589,0.17586311452816492,0.17586311452816492
944,0.1758631145281648,0.1758631145281648
705,-0.1758631145281643,0.1758631145281643
1582,-0.17586311452816428,0.17586311452816428
1574,-0.17586311452816428,0.17586311452816428
532,-0.17586311452816428,0.17586311452816428
1392,-0.17586311452816425,0.17586311452816425
548,-0.17586311452816425,0.17586311452816425
2034,-0.17586311452816425,0.17586311452816425
1365,-0.17586311452816422,0.17586311452816422
613,-0.17586311452816422,0.17586311452816422
1144,-0.17586311452816422,0.17586311452816422
1599,-0.17586311452816422,0.17586311452816422
739,-0.1758631145281642,0.1758631145281642
1854,-0.1758631145281642,0.1758631145281642
1652,-0.17586311452816417,0.17586311452816417
1366,-0.17586311452816417,0.17586311452816417
1256,-0.17586311452816417,0.17586311452816417
835,-0.17586311452816417,0.17586311452816417
485,-0.17586311452816417,0.17586311452816417
724,-0.17586311452816417,0.17586311452816417
1844,-0.17586311452816414,0.17586311452816414
1081,-0.1758631145281641,0.1758631145281641
673,-0.17586311452816408,0.17586311452816408
555,0.17471413945365322,0.17471413945365322
1750,0.1684303842133043,0.1684303842133043
1099,-0.16843038421330422,0.16843038421330422
694,-0.15980069302514827,0.15980069302514827
304,0.159800693025148,0.159800693025148
1729,0.15980069302514793,0.15980069302514793
1057,-0.15426587495244104,0.15426587495244104
1972,0.14867525836251325,0.14867525836251325
1733,0.14867525836251322,0.14867525836251322
784,0.14867525836251322,0.14867525836251322
1771,0.14867525836251322,0.14867525836251322
157,0.14744195615489708,0.14744195615489708
1530,0.14744195615489705,0.14744195615489705
1674,0.14744195615489705,0.14744195615489705
486,0.14744195615489697,0.14744195615489697
1060,-0.14484136487557972,0.14484136487557972
1629,-0.14285714285714304,0.14285714285714304
1960,-0.14285714285714304,0.14285714285714304
383,-0.14285714285714304,0.14285714285714304
227,-0.14285714285714302,0.14285714285714302
529,-0.14285714285714302,0.14285714285714302
1873,0.14285714285714302,0.14285714285714302
1824,-0.14285714285714302,0.14285714285714302
1551,-0.14285714285714302,0.14285714285714302
200,-0.14285714285714302,0.14285714285714302
600,-0.14285714285714302,0.14285714285714302
622,-0.14285714285714302,0.14285714285714302
795,-0.14285714285714302,0.14285714285714302
1853,-0.14285714285714302,0.14285714285714302
1130,-0.14285714285714302,0.14285714285714302
387,-0.14285714285714302,0.14285714285714302
872,-0.14285714285714302,0.14285714285714302
857,-0.14285714285714302,0.14285714285714302
522,-0.14285714285714302,0.14285714285714302
519,-0.14285714285714302,0.14285714285714302
1741,-0.14285714285714302,0.14285714285714302
384,-0.14285714285714302,0.14285714285714302
693,-0.14285714285714302,0.14285714285714302
418,-0.14285714285714302,0.14285714285714302
243,-0.14285714285714302,0.14285714285714302
1617,-0.14285714285714302,0.14285714285714302
549,-0.14285714285714302,0.14285714285714302
970,-0.14285714285714302,0.14285714285714302
441,-0.14285714285714302,0.14285714285714302
1038,-0.14285714285714302,0.14285714285714302
467,-0.14285714285714302,0.14285714285714302
711,-0.14285714285714302,0.14285714285714302
1724,-0.14285714285714302,0.14285714285714302
707,-0.14285714285714302,0.14285714285714302
1691,-0.14285714285714302,0.14285714285714302
1898,-0.14285714285714302,0.14285714285714302
623,-0.14285714285714302,0.14285714285714302
1895,-0.14285714285714302,0.14285714285714302
1893,-0.14285714285714302,0.14285714285714302
512,-0.14285714285714302,0.14285714285714302
431,-0.14285714285714302,0.14285714285714302
1877,-0.14285714285714302,0.14285714285714302
1909,-0.14285714285714302,0.14285714285714302
1723,-0.14285714285714302,0.14285714285714302
1164,-0.14285714285714302,0.14285714285714302
20,-0.14285714285714302,0.14285714285714302
1310,-0.14285714285714302,0.14285714285714302
61,-0.14285714285714302,0.14285714285714302
2004,-0.14285714285714302,0.14285714285714302
33,-0.14285714285714302,0.14285714285714302
1323,-0.14285714285714302,0.14285714285714302
1312,-0.14285714285714302,0.14285714285714302
1233,-0.14285714285714302,0.14285714285714302
1228,-0.14285714285714302,0.14285714285714302
1417,-0.14285714285714302,0.14285714285714302
1181,-0.14285714285714302,0.14285714285714302
1104,-0.142857142857143,0.142857142857143
333,-0.142857142857143,0.142857142857143
931,-0.142857142857143,0.142857142857143
1944,-0.142857142857143,0.142857142857143
1018,-0.142857142857143,0.142857142857143
1263,-0.142857142857143,0.142857142857143
915,-0.142857142857143,0.142857142857143
1265,-0.142857142857143,0.142857142857143
1073,-0.142857142857143,0.142857142857143
1298,-0.142857142857143,0.142857142857143
933,-0.142857142857143,0.142857142857143
1308,-0.142857142857143,0.142857142857143
1084,-0.142857142857143,0.142857142857143
690,-0.142857142857143,0.142857142857143
749,-0.142857142857143,0.142857142857143
1390,-0.142857142857143,0.142857142857143
1418,-0.142857142857143,0.142857142857143
713,-0.142857142857143,0.142857142857143
1443,-0.142857142857143,0.142857142857143
554,-0.142857142857143,0.142857142857143
1149,-0.142857142857143,0.142857142857143
1377,-0.142857142857143,0.142857142857143
1456,-0.142857142857143,0.142857142857143
1275,-0.14285714285714296,0.14285714285714296
221,-0.14285714285714296,0.14285714285714296
1251,0.1428571428571429,0.1428571428571429
1412,0.1428571428571429,0.1428571428571429
1912,0.1428571428571429,0.1428571428571429
1047,0.1428571428571429,0.1428571428571429
1773,0.1428571428571429,0.1428571428571429
546,0.1428571428571429,0.1428571428571429
1857,0.1428571428571429,0.1428571428571429
329,0.1428571428571429,0.1428571428571429
1440,0.1428571428571429,0.1428571428571429
783,0.1428571428571429,0.1428571428571429
1444,0.1428571428571429,0.1428571428571429
930,0.1428571428571429,0.1428571428571429
885,0.1428571428571429,0.1428571428571429
702,0.1428571428571429,0.1428571428571429
1281,0.1428571428571429,0.1428571428571429
830,0.1428571428571429,0.1428571428571429
237,0.1428571428571429,0.1428571428571429
1889,0.1428571428571429,0.1428571428571429
1015,0.1428571428571429,0.1428571428571429
1949,0.1428571428571429,0.1428571428571429
1138,0.1428571428571429,0.1428571428571429
1106,0.1428571428571429,0.1428571428571429
1118,0.1428571428571429,0.1428571428571429
184,0.1428571428571429,0.1428571428571429
1940,0.1428571428571429,0.1428571428571429
802,0.14285714285714288,0.14285714285714288
45,0.14285714285714288,0.14285714285714288
1148,0.14285714285714288,0.14285714285714288
879,0.14285714285714288,0.14285714285714288
319,0.14285714285714288,0.14285714285714288
642,0.14285714285714288,0.14285714285714288
1373,0.14285714285714288,0.14285714285714288
1470,0.14285714285714288,0.14285714285714288
521,0.14285714285714288,0.14285714285714288
1790,0.14285714285714288,0.14285714285714288
1297,0.14285714285714288,0.14285714285714288
895,0.14285714285714288,0.14285714285714288
856,0.14285714285714288,0.14285714285714288
358,0.14285714285714288,0.14285714285714288
1309,0.14285714285714288,0.14285714285714288
1458,0.14285714285714285,0.14285714285714285
1180,0.14285714285714285,0.14285714285714285
1673,0.14285714285714285,0.14285714285714285
597,0.14285714285714285,0.14285714285714285
1429,0.14285714285714285,0.14285714285714285
389,0.14025268244765068,0.14025268244765068
800,0.14002800840280066,0.14002800840280066
289,0.14002800840280064,0.14002800840280064
29,0.1400280084028006,0.1400280084028006
559,0.13764944032233734,0.13764944032233734
1648,0.1376494403223373,0.1376494403223373
1182,0.13764944032233722,0.13764944032233722
105,-0.1376494403223368,0.1376494403223368
325,-0.13764944032233678,0.13764944032233678
458,-0.13764944032233675,0.13764944032233675
787,-0.13764944032233675,0.13764944032233675
2041,-0.13764944032233672,0.13764944032233672
1114,-0.13333333333333341,0.13333333333333341
1357,0.1309307341415955,0.1309307341415955
1457,0.1230914909793327,0.1230914909793327
1243,0.12309149097933265,0.12309149097933265
1028,0.11881211413043914,0.11881211413043914
1128,0.11757927025044332,0.11757927025044332
653,0.11757927025044328,0.11757927025044328
1147,0.11757927025044322,0.11757927025044322
1866,-0.11757927025044312,0.11757927025044312
1765,0.11527808354084698,0.11527808354084698
926,0.10482848367219194,0.10482848367219194
1097,0.10411584125907083,0.10411584125907083
1039,0.10411584125907081,0.10411584125907081
1145,0.10411584125907077,0.10411584125907077
1855,0.10356162766686658,0.10356162766686658
378,0.10251154601309118,0.10251154601309118
464,-0.10206207261596596,0.10206207261596596
1535,-0.10206207261596596,0.10206207261596596
1730,-0.10206207261596595,0.10206207261596595
864,-0.10206207261596595,0.10206207261596595
202,-0.10206207261596595,0.10206207261596595
1077,-0.10206207261596595,0.10206207261596595
1468,-0.10206207261596595,0.10206207261596595
1810,-0.10206207261596595,0.10206207261596595
313,-0.10206207261596593,0.10206207261596593
460,-0.10206207261596592,0.10206207261596592
140,-0.10206207261596592,0.10206207261596592
1879,-0.10206207261596592,0.10206207261596592
809,-0.10206207261596591,0.10206207261596591
1477,-0.10206207261596591,0.10206207261596591
1095,-0.10206207261596588,0.10206207261596588
941,0.10206207261596582,0.10206207261596582
1846,0.10206207261596582,0.10206207261596582
1096,0.1020620726159658,0.1020620726159658
1441,0.10206207261596578,0.10206207261596578
2036,0.10206207261596578,0.10206207261596578
1062,0.10206207261596577,0.10206207261596577
345,0.10206207261596575,0.10206207261596575
1670,0.10206207261596574,0.10206207261596574
112,0.10206207261596574,0.10206207261596574
1276,0.10206207261596574,0.10206207261596574
1045,0.10206207261596574,0.10206207261596574
638,0.10206207261596573,0.10206207261596573
1884,0.10206207261596573,0.10206207261596573
742,0.10206207261596573,0.10206207261596573
320,0.10206207261596571,0.10206207261596571
761,0.10206207261596571,0.10206207261596571
165,0.10206207261596571,0.10206207261596571
772,0.10206207261596571,0.10206207261596571
1476,0.1020620726159657,0.1020620726159657
89,0.1020620726159657,0.1020620726159657
1314,-0.10050378152592128,0.10050378152592128
502,-0.10050378152592128,0.10050378152592128
419,-0.10050378152592128,0.10050378152592128
1962,-0.10050378152592128,0.10050378152592128
417,-0.10050378152592128,0.10050378152592128
32,-0.10050378152592128,0.10050378152592128
1150,-0.10050378152592128,0.10050378152592128
1817,-0.10050378152592128,0.10050378152592128
1490,-0.10050378152592128,0.10050378152592128
1777,-0.10050378152592128,0.10050378152592128
5,-0.10050378152592128,0.10050378152592128
848,-0.10050378152592128,0.10050378152592128
870,-0.10050378152592128,0.10050378152592128
657,-0.10050378152592128,0.10050378152592128
586,-0.10050378152592128,0.10050378152592128
1155,-0.10050378152592128,0.10050378152592128
853,-0.10050378152592128,0.10050378152592128
571,-0.10050378152592128,0.10050378152592128
402,-0.10050378152592128,0.10050378152592128
819,-0.10050378152592128,0.10050378152592128
1743,-0.10050378152592128,0.10050378152592128
1550,-0.10050378152592128,0.10050378152592128
822,-0.10050378152592128,0.10050378152592128
821,-0.10050378152592128,0.10050378152592128
1165,-0.10050378152592128,0.10050378152592128
1376,-0.10050378152592128,0.10050378152592128
488,-0.10050378152592128,0.10050378152592128
1793,-0.10050378152592128,0.10050378152592128
40,-0.10050378152592128,0.10050378152592128
1728,-0.10050378152592128,0.10050378152592128
1710,-0.10050378152592128,0.10050378152592128
1969,-0.10050378152592128,0.10050378152592128
1139,-0.10050378152592128,0.10050378152592128
731,-0.10050378152592128,0.10050378152592128
1356,-0.10050378152592128,0.10050378152592128
475,-0.10050378152592128,0.10050378152592128
1971,-0.10050378152592128,0.10050378152592128
1383,-0.10050378152592128,0.10050378152592128
450,-0.10050378152592128,0.10050378152592128
1538,-0.10050378152592128,0.10050378152592128
1455,-0.10050378152592128,0.10050378152592128
685,-0.10050378152592128,0.10050378152592128
1146,-0.10050378152592128,0.10050378152592128
1362,-0.10050378152592128,0.10050378152592128
1804,-0.10050378152592128,0.10050378152592128
2028,-0.10050378152592128,0.10050378152592128
535,-0.10050378152592128,0.10050378152592128
762,-0.10050378152592128,0.10050378152592128
796,-0.10050378152592128,0.10050378152592128
176,-0.10050378152592128,0.10050378152592128
1135,-0.10050378152592128,0.10050378152592128
1852,-0.10050378152592128,0.10050378152592128
550,-0.10050378152592128,0.10050378152592128
1807,-0.10050378152592128,0.10050378152592128
1137,-0.10050378152592128,0.10050378152592128
1371,-0.10050378152592128,0.10050378152592128
64,-0.10050378152592128,0.10050378152592128
621,-0.10050378152592128,0.10050378152592128
447,-0.10050378152592128,0.10050378152592128
1958,-0.10050378152592128,0.10050378152592128
1342,-0.10050378152592128,0.10050378152592128
62,-0.10050378152592128,0.10050378152592128
18,-0.10050378152592128,0.10050378152592128
444,-0.10050378152592128,0.10050378152592128
445,-0.10050378152592128,0.10050378152592128
1700,-0.10050378152592128,0.10050378152592128
16,-0.10050378152592128,0.10050378152592128
1278,-0.10050378152592128,0.10050378152592128
1608,-0.10050378152592128,0.10050378152592128
334,-0.10050378152592128,0.10050378152592128
942,-0.10050378152592128,0.10050378152592128
1253,-0.10050378152592128,0.10050378152592128
1556,-0.10050378152592128,0.10050378152592128
1041,-0.10050378152592128,0.10050378152592128
1584,-0.10050378152592128,0.10050378152592128
938,-0.10050378152592128,0.10050378152592128
133,-0.10050378152592128,0.10050378152592128
1178,-0.10050378152592128,0.10050378152592128
1579,-0.10050378152592128,0.10050378152592128
152,-0.10050378152592128,0.10050378152592128
1943,-0.10050378152592128,0.10050378152592128
1201,-0.10050378152592128,0.10050378152592128
341,-0.10050378152592128,0.10050378152592128
342,-0.10050378152592128,0.10050378152592128
262,-0.10050378152592128,0.10050378152592128
1885,-0.10050378152592128,0.10050378152592128
1242,-0.10050378152592128,0.10050378152592128
109,-0.10050378152592128,0.10050378152592128
130,-0.10050378152592128,0.10050378152592128
278,-0.10050378152592128,0.10050378152592128
297,-0.10050378152592128,0.10050378152592128
1871,-0.10050378152592128,0.10050378152592128
215,-0.10050378152592128,0.10050378152592128
1227,-0.10050378152592128,0.10050378152592128
1595,-0.10050378152592128,0.10050378152592128
1563,-0.10050378152592128,0.10050378152592128
1240,-0.10050378152592128,0.10050378152592128
1213,-0.10050378152592128,0.10050378152592128
958,-0.10050378152592128,0.10050378152592128
1625,-0.10050378152592128,0.10050378152592128
953,-0.10050378152592128,0.10050378152592128
1534,-0.10050378152592128,0.10050378152592128
1627,-0.10050378152592128,0.10050378152592128
1628,-0.10050378152592128,0.10050378152592128
128,-0.10050378152592128,0.10050378152592128
347,-0.10050378152592128,0.10050378152592128
1522,-0.10050378152592128,0.10050378152592128
923,-0.10050378152592128,0.10050378152592128
2000,-0.10050378152592128,0.10050378152592128
235,-0.10050378152592128,0.10050378152592128
1567,-0.10050378152592128,0.10050378152592128
1578,-0.10050378152592128,0.10050378152592128
365,-0.10050378152592128,0.10050378152592128
233,-0.10050378152592128,0.10050378152592128
901,-0.10050378152592128,0.10050378152592128
1070,-0.10050378152592128,0.10050378152592128
1068,-0.10050378152592128,0.10050378152592128
1093,-0.10050378152592128,0.10050378152592128
1067,-0.10050378152592128,0.10050378152592128
220,-0.10050378152592128,0.10050378152592128
1064,-0.10050378152592128,0.10050378152592128
1524,-0.10050378152592128,0.10050378152592128
884,-0.10050378152592128,0.10050378152592128
226,-0.10050378152592128,0.10050378152592128
880,-0.10050378152592128,0.10050378152592128
1056,-0.10050378152592128,0.10050378152592128
360,-0.10050378152592128,0.10050378152592128
1192,-0.10050378152592128,0.10050378152592128
916,-0.10050378152592128,0.10050378152592128
1979,-0.10050378152592128,0.10050378152592128
1641,-0.10050378152592128,0.10050378152592128
241,-0.10050378152592128,0.10050378152592128
689,-0.10050378152592127,0.10050378152592127
479,-0.10050378152592127,0.10050378152592127
1781,-0.10050378152592127,0.10050378152592127
53,-0.10050378152592127,0.10050378152592127
1511,-0.10050378152592127,0.10050378152592127
678,-0.10050378152592127,0.10050378152592127
236,-0.10050378152592127,0.10050378152592127
1515,-0.10050378152592127,0.10050378152592127
620,-0.10050378152592127,0.10050378152592127
602,-0.10050378152592127,0.10050378152592127
1922,-0.10050378152592127,0.10050378152592127
1751,-0.10050378152592127,0.10050378152592127
1752,-0.10050378152592127,0.10050378152592127
115,-0.10050378152592127,0.10050378152592127
1982,-0.10050378152592127,0.10050378152592127
265,-0.10050378152592127,0.10050378152592127
2040,-0.10050378152592127,0.10050378152592127
34,-0.10050378152592127,0.10050378152592127
2044,-0.10050378152592127,0.10050378152592127
1585,-0.10050378152592127,0.10050378152592127
1532,-0.10050378152592127,0.10050378152592127
1961,-0.10050378152592127,0.10050378152592127
545,-0.10050378152592127,0.10050378152592127
1739,-0.10050378152592127,0.10050378152592127
498,-0.10050378152592127,0.10050378152592127
989,-0.10050378152592127,0.10050378152592127
1939,-0.10050378152592127,0.10050378152592127
917,-0.10050378152592127,0.10050378152592127
1997,-0.10050378152592127,0.10050378152592127
1837,-0.10050378152592127,0.10050378152592127
1334,-0.10050378152592127,0.10050378152592127
766,-0.10050378152592127,0.10050378152592127
949,-0.10050378152592127,0.10050378152592127
207,-0.10050378152592127,0.10050378152592127
166,-0.10050378152592127,0.10050378152592127
939,-0.10050378152592127,0.10050378152592127
865,-0.10050378152592127,0.10050378152592127
1174,-0.10050378152592127,0.10050378152592127
1645,-0.10050378152592127,0.10050378152592127
968,-0.10050378152592127,0.10050378152592127
465,-0.10050378152592127,0.10050378152592127
1167,-0.10050378152592127,0.10050378152592127
397,-0.10050378152592127,0.10050378152592127
1463,-0.10050378152592127,0.10050378152592127
1950,-0.10050378152592127,0.10050378152592127
907,-0.10050378152592127,0.10050378152592127
93,-0.10050378152592127,0.10050378152592127
1352,-0.10050378152592127,0.10050378152592127
1126,-0.10050378152592125,0.10050378152592125
617,-0.10050378152592125,0.10050378152592125
1527,-0.10050378152592125,0.10050378152592125
610,-0.10050378152592125,0.10050378152592125
1481,-0.10050378152592125,0.10050378152592125
899,-0.10050378152592125,0.10050378152592125
847,-0.10050378152592125,0.10050378152592125
846,-0.10050378152592125,0.10050378152592125
1306,-0.10050378152592125,0.10050378152592125
625,-0.10050378152592125,0.10050378152592125
1643,-0.10050378152592125,0.10050378152592125
1760,-0.10050378152592125,0.10050378152592125
628,-0.10050378152592125,0.10050378152592125
1076,-0.10050378152592125,0.10050378152592125
1353,-0.10050378152592125,0.10050378152592125
1438,-0.10050378152592125,0.10050378152592125
1435,-0.10050378152592125,0.10050378152592125
1780,-0.10050378152592125,0.10050378152592125
883,-0.10050378152592125,0.10050378152592125
1291,-0.10050378152592125,0.10050378152592125
1170,-0.10050378152592125,0.10050378152592125
587,-0.10050378152592125,0.10050378152592125
1091,-0.10050378152592125,0.10050378152592125
1089,-0.10050378152592125,0.10050378152592125
891,-0.10050378152592125,0.10050378152592125
1769,-0.10050378152592125,0.10050378152592125
1085,-0.10050378152592125,0.10050378152592125
862,-0.10050378152592125,0.10050378152592125
1409,-0.10050378152592125,0.10050378152592125
1302,-0.10050378152592125,0.10050378152592125
854,-0.10050378152592125,0.10050378152592125
632,-0.10050378152592125,0.10050378152592125
1767,-0.10050378152592125,0.10050378152592125
1528,-0.10050378152592125,0.10050378152592125
609,-0.10050378152592125,0.10050378152592125
1080,-0.10050378152592125,0.10050378152592125
1083,-0.10050378152592125,0.10050378152592125
1132,-0.10050378152592125,0.10050378152592125
918,-0.10050378152592125,0.10050378152592125
1636,-0.10050378152592125,0.10050378152592125
756,-0.10050378152592125,0.10050378152592125
670,-0.10050378152592125,0.10050378152592125
1736,-0.10050378152592125,0.10050378152592125
1711,-0.10050378152592125,0.10050378152592125
962,-0.10050378152592125,0.10050378152592125
963,-0.10050378152592125,0.10050378152592125
1731,-0.10050378152592125,0.10050378152592125
738,-0.10050378152592125,0.10050378152592125
965,-0.10050378152592125,0.10050378152592125
576,-0.10050378152592125,0.10050378152592125
1717,-0.10050378152592125,0.10050378152592125
1218,-0.10050378152592125,0.10050378152592125
1011,-0.10050378152592125,0.10050378152592125
1231,-0.10050378152592125,0.10050378152592125
1562,-0.10050378152592125,0.10050378152592125
1348,-0.10050378152592125,0.10050378152592125
720,-0.10050378152592125,0.10050378152592125
1545,-0.10050378152592125,0.10050378152592125
1609,-0.10050378152592125,0.10050378152592125
1375,-0.10050378152592125,0.10050378152592125
1037,-0.10050378152592125,0.10050378152592125
1241,-0.10050378152592125,0.10050378152592125
1046,-0.10050378152592125,0.10050378152592125
1680,-0.10050378152592125,0.10050378152592125
1634,-0.10050378152592125,0.10050378152592125
1234,-0.10050378152592125,0.10050378152592125
924,-0.10050378152592125,0.10050378152592125
1120,-0.10050378152592125,0.10050378152592125
1321,-0.10050378152592125,0.10050378152592125
641,-0.10050378152592125,0.10050378152592125
937,-0.10050378152592125,0.10050378152592125
1495,-0.10050378152592125,0.10050378152592125
1516,-0.10050378152592125,0.10050378152592125
1206,-0.10050378152592125,0.10050378152592125
1465,-0.10050378152592125,0.10050378152592125
1748,-0.10050378152592125,0.10050378152592125
649,-0.10050378152592125,0.10050378152592125
1698,-0.10050378152592125,0.10050378152592125
1446,-0.10050378152592125,0.10050378152592125
1464,-0.10050378152592125,0.10050378152592125
946,-0.10050378152592125,0.10050378152592125
1173,-0.10050378152592125,0.10050378152592125
2047,-0.10050378152592125,0.10050378152592125
196,-0.10050378152592125,0.10050378152592125
351,-0.10050378152592125,0.10050378152592125
414,-0.10050378152592125,0.10050378152592125
1883,-0.10050378152592125,0.10050378152592125
373,-0.10050378152592125,0.10050378152592125
1910,-0.10050378152592125,0.10050378152592125
76,-0.10050378152592125,0.10050378152592125
1977,-0.10050378152592125,0.10050378152592125
489,-0.10050378152592125,0.10050378152592125
234,-0.10050378152592125,0.10050378152592125
193,-0.10050378152592125,0.10050378152592125
2007,-0.10050378152592125,0.10050378152592125
1856,-0.10050378152592125,0.10050378152592125
10,-0.10050378152592125,0.10050378152592125
537,-0.10050378152592125,0.10050378152592125
318,-0.10050378152592125,0.10050378152592125
469,-0.10050378152592125,0.10050378152592125
12,-0.10050378152592125,0.10050378152592125
316,-0.10050378152592125,0.10050378152592125
1863,-0.10050378152592125,0.10050378152592125
1800,-0.10050378152592125,0.10050378152592125
311,-0.10050378152592125,0.10050378152592125
528,-0.10050378152592125,0.10050378152592125
308,-0.10050378152592125,0.10050378152592125
65,-0.10050378152592125,0.10050378152592125
307,-0.10050378152592125,0.10050378152592125
156,-0.10050378152592125,0.10050378152592125
46,-0.10050378152592125,0.10050378152592125
459,-0.10050378152592125,0.10050378152592125
232,-0.10050378152592125,0.10050378152592125
139,-0.10050378152592125,0.10050378152592125
143,-0.10050378152592125,0.10050378152592125
2005,-0.10050378152592125,0.10050378152592125
144,-0.10050378152592125,0.10050378152592125
254,-0.10050378152592125,0.10050378152592125
1956,-0.10050378152592125,0.10050378152592125
4,-0.10050378152592125,0.10050378152592125
369,-0.10050378152592125,0.10050378152592125
1994,-0.10050378152592125,0.10050378152592125
394,-0.10050378152592125,0.10050378152592125
2026,-0.10050378152592125,0.10050378152592125
180,-0.10050378152592125,0.10050378152592125
210,-0.10050378152592125,0.10050378152592125
1851,-0.10050378152592125,0.10050378152592125
1786,-0.10050378152592125,0.10050378152592125
264,-0.10050378152592125,0.10050378152592125
6,-0.10050378152592125,0.10050378152592125
412,-0.10050378152592125,0.10050378152592125
356,-0.10050378152592125,0.10050378152592125
2023,-0.10050378152592125,0.10050378152592125
1867,-0.10050378152592125,0.10050378152592125
1931,-0.10050378152592124,0.10050378152592124
252,0.10050378152592122,0.10050378152592122
250,0.10050378152592122,0.10050378152592122
1184,0.10050378152592122,0.10050378152592122
1860,0.10050378152592122,0.10050378152592122
691,0.10050378152592122,0.10050378152592122
146,0.10050378152592122,0.10050378152592122
966,0.10050378152592122,0.10050378152592122
2006,0.10050378152592122,0.10050378152592122
411,0.10050378152592122,0.10050378152592122
1294,0.10050378152592122,0.10050378152592122
1676,0.10050378152592122,0.10050378152592122
1264,0.10050378152592122,0.10050378152592122
1320,0.10050378152592122,0.10050378152592122
1339,0.10050378152592122,0.10050378152592122
371,0.10050378152592122,0.10050378152592122
1878,0.10050378152592122,0.10050378152592122
1847,0.10050378152592122,0.10050378152592122
438,0.10050378152592122,0.10050378152592122
1692,0.10050378152592122,0.10050378152592122
56,0.10050378152592122,0.10050378152592122
219,0.10050378152592122,0.10050378152592122
1839,0.10050378152592122,0.10050378152592122
760,0.10050378152592122,0.10050378152592122
1640,0.10050378152592122,0.10050378152592122
230,0.10050378152592122,0.10050378152592122
786,0.10050378152592122,0.10050378152592122
700,0.10050378152592122,0.10050378152592122
741,0.10050378152592122,0.10050378152592122
461,0.10050378152592122,0.10050378152592122
192,0.10050378152592122,0.10050378152592122
1888,0.10050378152592122,0.10050378152592122
726,0.10050378152592122,0.10050378152592122
1502,0.10050378152592122,0.10050378152592122
121,0.10050378152592122,0.10050378152592122
1036,0.10050378152592122,0.10050378152592122
1235,0.10050378152592122,0.10050378152592122
117,0.10050378152592122,0.10050378152592122
501,0.10050378152592122,0.10050378152592122
1215,0.10050378152592122,0.10050378152592122
1672,0.10050378152592122,0.10050378152592122
270,0.10050378152592122,0.10050378152592122
1869,0.10050378152592122,0.10050378152592122
1766,0.10050378152592122,0.10050378152592122
1121,0.10050378152592122,0.10050378152592122
1327,0.10050378152592122,0.10050378152592122
212,0.10050378152592122,0.10050378152592122
1794,0.10050378152592122,0.10050378152592122
1197,0.10050378152592122,0.10050378152592122
263,0.10050378152592122,0.10050378152592122
1119,0.10050378152592122,0.10050378152592122
845,0.10050378152592122,0.10050378152592122
1008,0.10050378152592122,0.10050378152592122
1799,0.10050378152592122,0.10050378152592122
1049,0.10050378152592122,0.10050378152592122
1282,0.10050378152592122,0.10050378152592122
1864,0.10050378152592122,0.10050378152592122
1520,0.10050378152592122,0.10050378152592122
541,0.10050378152592122,0.10050378152592122
1671,0.10050378152592122,0.10050378152592122
401,0.10050378152592122,0.10050378152592122
993,0.10050378152592122,0.10050378152592122
866,0.10050378152592122,0.10050378152592122
1814,0.10050378152592122,0.10050378152592122
388,0.10050378152592122,0.10050378152592122
1992,0.10050378152592122,0.10050378152592122
1290,0.10050378152592122,0.10050378152592122
1513,0.10050378152592122,0.10050378152592122
1025,0.10050378152592122,0.10050378152592122
398,0.10050378152592122,0.10050378152592122
1610,0.10050378152592122,0.10050378152592122
1787,0.10050378152592122,0.10050378152592122
1788,0.10050378152592122,0.10050378152592122
1009,0.10050378152592122,0.10050378152592122
1205,0.10050378152592122,0.10050378152592122
903,0.10050378152592121,0.10050378152592121
1248,0.10050378152592121,0.10050378152592121
2021,0.10050378152592121,0.10050378152592121
1030,0.10050378152592121,0.10050378152592121
1217,0.10050378152592121,0.10050378152592121
1140,0.10050378152592121,0.10050378152592121
583,0.10050378152592121,0.10050378152592121
1021,0.10050378152592121,0.10050378152592121
564,0.10050378152592121,0.10050378152592121
374,0.10050378152592121,0.10050378152592121
462,0.10050378152592121,0.10050378152592121
171,0.10050378152592121,0.10050378152592121
1544,0.10050378152592121,0.10050378152592121
1594,0.10050378152592121,0.10050378152592121
1509,0.10050378152592121,0.10050378152592121
51,0.10050378152592121,0.10050378152592121
1649,0.10050378152592121,0.10050378152592121
1945,0.10050378152592121,0.10050378152592121
611,0.10050378152592121,0.10050378152592121
925,0.10050378152592121,0.10050378152592121
2012,0.10050378152592121,0.10050378152592121
607,0.10050378152592121,0.10050378152592121
1593,0.10050378152592121,0.10050378152592121
1639,0.10050378152592121,0.10050378152592121
422,0.10050378152592121,0.10050378152592121
618,0.10050378152592121,0.10050378152592121
101,0.10050378152592121,0.10050378152592121
1506,0.10050378152592121,0.10050378152592121
1820,0.10050378152592121,0.10050378152592121
1063,0.10050378152592121,0.10050378152592121
660,0.10050378152592121,0.10050378152592121
1613,0.10050378152592121,0.10050378152592121
2042,0.10050378152592121,0.10050378152592121
493,0.10050378152592121,0.10050378152592121
1552,0.10050378152592121,0.10050378152592121
1575,0.10050378152592121,0.10050378152592121
1655,0.10050378152592121,0.10050378152592121
1907,0.10050378152592121,0.10050378152592121
861,0.10050378152592121,0.10050378152592121
1288,0.10050378152592121,0.10050378152592121
1504,0.10050378152592121,0.10050378152592121
1694,0.10050378152592121,0.10050378152592121
1303,0.10050378152592121,0.10050378152592121
1285,0.10050378152592121,0.10050378152592121
293,0.10050378152592121,0.10050378152592121
478,0.10050378152592121,0.10050378152592121
837,0.10050378152592121,0.10050378152592121
842,0.10050378152592121,0.10050378152592121
194,0.10050378152592121,0.10050378152592121
1272,0.10050378152592121,0.10050378152592121
1679,0.1005037815259212,0.1005037815259212
409,0.1005037815259212,0.1005037815259212
382,0.1005037815259212,0.1005037815259212
1999,0.1005037815259212,0.1005037815259212
1947,0.1005037815259212,0.1005037815259212
888,0.1005037815259212,0.1005037815259212
1322,0.1005037815259212,0.1005037815259212
71,0.1005037815259212,0.1005037815259212
1252,0.1005037815259212,0.1005037815259212
1565,0.1005037815259212,0.1005037815259212
1254,0.1005037815259212,0.1005037815259212
1116,0.1005037815259212,0.1005037815259212
213,0.1005037815259212,0.1005037815259212
836,0.1005037815259212,0.1005037815259212
1675,0.1005037815259212,0.1005037815259212
1351,0.1005037815259212,0.1005037815259212
218,0.1005037815259212,0.1005037815259212
209,0.1005037815259212,0.1005037815259212
385,0.1005037815259212,0.1005037815259212
405,0.1005037815259212,0.1005037815259212
1560,0.1005037815259212,0.1005037815259212
372,0.1005037815259212,0.1005037815259212
1326,0.1005037815259212,0.1005037815259212
1347,0.1005037815259212,0.1005037815259212
833,0.1005037815259212,0.1005037815259212
860,0.1005037815259212,0.1005037815259212
776,0.1005037815259212,0.1005037815259212
1624,0.1005037815259212,0.1005037815259212
686,0.1005037815259212,0.1005037815259212
149,0.1005037815259212,0.1005037815259212
1696,0.1005037815259212,0.1005037815259212
973,0.1005037815259212,0.1005037815259212
503,0.1005037815259212,0.1005037815259212
23,0.1005037815259212,0.1005037815259212
1744,0.1005037815259212,0.1005037815259212
1611,0.1005037815259212,0.1005037815259212
299,0.1005037815259212,0.1005037815259212
1747,0.1005037815259212,0.1005037815259212
647,0.1005037815259212,0.1005037815259212
997,0.1005037815259212,0.1005037815259212
643,0.1005037815259212,0.1005037815259212
1267,0.1005037815259212,0.1005037815259212
1398,0.1005037815259212,0.1005037815259212
1224,0.1005037815259212,0.1005037815259212
1757,0.1005037815259212,0.1005037815259212
531,0.1005037815259212,0.1005037815259212
533,0.1005037815259212,0.1005037815259212
1798,0.1005037815259212,0.1005037815259212
619,0.1005037815259212,0.1005037815259212
1761,0.1005037815259212,0.1005037815259212
1221,0.1005037815259212,0.1005037815259212
606,0.1005037815259212,0.1005037815259212
553,0.1005037815259212,0.1005037815259212
284,0.1005037815259212,0.1005037815259212
590,0.1005037815259212,0.1005037815259212
281,0.1005037815259212,0.1005037815259212
1586,0.1005037815259212,0.1005037815259212
490,0.1005037815259212,0.1005037815259212
1734,0.1005037815259212,0.1005037815259212
473,0.1005037815259212,0.1005037815259212
1832,0.1005037815259212,0.1005037815259212
744,0.1005037815259212,0.1005037815259212
44,0.1005037815259212,0.1005037815259212
77,0.1005037815259212,0.1005037815259212
751,0.1005037815259212,0.1005037815259212
1632,0.1005037815259212,0.1005037815259212
727,0.1005037815259212,0.1005037815259212
1833,0.1005037815259212,0.1005037815259212
1090,0.1005037815259212,0.1005037815259212
453,0.1005037815259212,0.1005037815259212
1721,0.1005037815259212,0.1005037815259212
172,0.1005037815259212,0.1005037815259212
1933,0.1005037815259212,0.1005037815259212
330,0.1005037815259212,0.1005037815259212
50,0.1005037815259212,0.1005037815259212
1079,0.1005037815259212,0.1005037815259212
1840,0.1005037815259212,0.1005037815259212
767,0.1005037815259212,0.1005037815259212
1459,0.1005037815259212,0.1005037815259212
1917,0.10002000600200046,0.10002000600200046
1236,0.09999999999999998,0.09999999999999998
1951,0.09999999999999991,0.09999999999999991
561,0.09588041581508897,0.09588041581508897
1803,0.09588041581508891,0.09588041581508891
1385,-0.089205155017508,0.089205155017508
1722,0.08920515501750795,0.08920515501750795
1349,-0.0892051550175079,0.0892051550175079
650,0.08908708063747507,0.08908708063747507
1480,0.0844400661841499,0.0844400661841499
843,-0.08421519210665206,0.08421519210665206
715,-0.08421519210665206,0.08421519210665206
1638,-0.08421519210665199,0.08421519210665199
1669,0.08421519210665192,0.08421519210665192
813,0.0842151921066519,0.0842151921066519
1136,0.0842151921066519,0.0842151921066519
179,0.0842151921066519,0.0842151921066519
604,0.08421519210665189,0.08421519210665189
275,0.08421519210665189,0.08421519210665189
203,0.08421519210665188,0.08421519210665188
255,0.08421519210665188,0.08421519210665188
699,0.08421519210665185,0.08421519210665185
114,0.08401680504168063,0.08401680504168063
1171,0.08401680504168056,0.08401680504168056
13,0.08401680504168049,0.08401680504168049
1573,0.07986523020975031,0.07986523020975031
1453,-0.07372097807744857,0.07372097807744857
14,0.07372097807744846,0.07372097807744846
841,-0.07128726847826392,0.07128726847826392
718,0.06928203230275509,0.06928203230275509
1034,0.06666666666666667,0.06666666666666667
736,0.06666666666666664,0.06666666666666664
1245,0.06666666666666662,0.06666666666666662
314,0.06486581250966159,0.06486581250966159
1980,-0.061545745489666466,0.061545745489666466
781,-0.06154574548966639,0.06154574548966639
1162,-0.061545745489666376,0.061545745489666376
1946,-0.058621038176055025,0.058621038176055025
1985,-0.05862103817605501,0.05862103817605501
1200,0.05862103817605501,0.05862103817605501
1663,-0.058621038176055004,0.058621038176055004
1996,-0.058621038176055004,0.058621038176055004
25,-0.058621038176055004,0.058621038176055004
2033,-0.058621038176055004,0.058621038176055004
1555,-0.058621038176055,0.058621038176055
1905,-0.058621038176055,0.058621038176055
137,-0.058621038176055,0.058621038176055
750,-0.058621038176055,0.058621038176055
719,-0.058621038176055,0.058621038176055
1518,-0.058621038176055,0.058621038176055
484,-0.058621038176055,0.058621038176055
1507,-0.05862103817605499,0.05862103817605499
637,-0.05862103817605499,0.05862103817605499
1439,-0.05862103817605499,0.05862103817605499
1607,-0.058621038176054976,0.058621038176054976
1403,-0.058621038176054976,0.058621038176054976
476,-0.058621038176054976,0.058621038176054976
816,-0.058621038176054976,0.058621038176054976
943,-0.058621038176054976,0.058621038176054976
323,-0.058621038176054976,0.058621038176054976
1250,-0.058621038176054976,0.058621038176054976
1712,-0.05862103817605497,0.05862103817605497
1745,-0.05862103817605497,0.05862103817605497
955,0.05862103817605496,0.05862103817605496
291,0.058621038176054956,0.058621038176054956
654,-0.058621038176054956,0.058621038176054956
1795,0.058621038176054956,0.058621038176054956
74,-0.058621038176054956,0.058621038176054956
8,-0.058621038176054956,0.058621038176054956
1157,-0.058621038176054956,0.058621038176054956
1313,-0.05862103817605495,0.05862103817605495
806,0.05862103817605495,0.05862103817605495
1133,-0.05862103817605494,0.05862103817605494
214,0.058621038176054935,0.058621038176054935
1260,-0.058621038176054935,0.058621038176054935
1013,0.058621038176054935,0.058621038176054935
908,0.058621038176054935,0.058621038176054935
97,-0.058621038176054935,0.058621038176054935
1991,0.05862103817605493,0.05862103817605493
1296,0.05862103817605493,0.05862103817605493
472,-0.05862103817605493,0.05862103817605493
859,0.05862103817605493,0.05862103817605493
948,0.05862103817605493,0.05862103817605493
433,-0.05862103817605493,0.05862103817605493
672,-0.05862103817605492,0.05862103817605492
644,0.05862103817605492,0.05862103817605492
1588,0.05862103817605492,0.05862103817605492
1937,0.05862103817605492,0.05862103817605492
364,0.05862103817605492,0.05862103817605492
1437,0.058621038176054914,0.058621038176054914
1708,0.058621038176054914,0.058621038176054914
890,0.058621038176054914,0.058621038176054914
598,0.058621038176054914,0.058621038176054914
1387,0.058621038176054914,0.058621038176054914
588,0.05862103817605491,0.05862103817605491
1642,0.05862103817605491,0.05862103817605491
1920,0.05862103817605491,0.05862103817605491
2009,-0.05862103817605491,0.05862103817605491
652,-0.05862103817605491,0.05862103817605491
959,0.0586210381760549,0.0586210381760549
1989,-0.0586210381760549,0.0586210381760549
687,-0.0586210381760549,0.0586210381760549
913,0.0586210381760549,0.0586210381760549
1612,-0.05862103817605489,0.05862103817605489
90,0.05862103817605489,0.05862103817605489
1825,0.05862103817605488,0.05862103817605488
428,0.05862103817605488,0.05862103817605488
1693,0.05862103817605488,0.05862103817605488
1653,-0.05862103817605488,0.05862103817605488
1451,0.05862103817605488,0.05862103817605488
1964,0.05862103817605488,0.05862103817605488
759,-0.05862103817605487,0.05862103817605487
60,-0.05862103817605487,0.05862103817605487
573,-0.05862103817605487,0.05862103817605487
552,-0.05862103817605487,0.05862103817605487
1195,0.05862103817605487,0.05862103817605487
1065,-0.05862103817605487,0.05862103817605487
1460,-0.05862103817605487,0.05862103817605487
2016,-0.05862103817605487,0.05862103817605487
36,0.058621038176054865,0.058621038176054865
897,-0.05862103817605486,0.05862103817605486
703,0.05862103817605486,0.05862103817605486
1087,0.05862103817605486,0.05862103817605486
1517,0.05862103817605486,0.05862103817605486
79,0.05862103817605484,0.05862103817605484
1536,-0.05000000000000021,0.05000000000000021
1261,0.05000000000000004,0.05000000000000004
1808,0.04999999999999993,0.04999999999999993
1452,-0.04828045495852665,0.04828045495852665
1665,-0.04588314677411245,0.04588314677411245
1279,-0.04588314677411241,0.04588314677411241
328,-0.0458831467741124,0.0458831467741124
1597,-0.0458831467741124,0.0458831467741124
534,0.0458831467741124,0.0458831467741124
1998,-0.04588314677411239,0.04588314677411239
1122,-0.04588314677411239,0.04588314677411239
1422,-0.04588314677411239,0.04588314677411239
1984,-0.04588314677411239,0.04588314677411239
2,0.04588314677411238,0.04588314677411238
790,0.04588314677411238,0.04588314677411238
960,-0.04588314677411238,0.04588314677411238
878,-0.045883146774112364,0.045883146774112364
677,0.045883146774112364,0.045883146774112364
1631,0.04588314677411236,0.04588314677411236
716,0.04588314677411236,0.04588314677411236
728,0.04588314677411236,0.04588314677411236
961,-0.04588314677411235,0.04588314677411235
974,0.04588314677411234,0.04588314677411234
679,-0.04588314677411234,0.04588314677411234
1858,-0.04588314677411234,0.04588314677411234
1257,-0.04588314677411234,0.04588314677411234
798,0.04588314677411234,0.04588314677411234
366,0.045883146774112336,0.045883146774112336
1238,-0.045883146774112336,0.045883146774112336
1487,0.04588314677411233,0.04588314677411233
231,0.04588314677411233,0.04588314677411233
407,-0.04588314677411232,0.04588314677411232
216,0.045883146774112316,0.045883146774112316
753,-0.0458831467741123,0.0458831467741123
1963,-0.0458831467741123,0.0458831467741123
1570,0.045883146774112295,0.045883146774112295
983,0.045883146774112295,0.045883146774112295
343,-0.045883146774112295,0.045883146774112295
852,0.04588314677411228,0.04588314677411228
1827,0.04588314677411228,0.04588314677411228
1325,0.045596075258755316,0.045596075258755316
881,-0.0422200330920749,0.0422200330920749
807,0.0412042821715164,0.0412042821715164
406,0.039193090083481104,0.039193090083481104
